<?xml version="1.0" encoding="UTF-8"?>
<configuration>

	<appender name="STDOUT" class="ch.qos.logback.core.ConsoleAppender">
		<layout class="ch.qos.logback.classic.PatternLayout">
			<Pattern>
				%d{yyyy-MM-dd HH:mm:ss} [%thread] %-5level %logger{36} - %msg%n
			</Pattern>
		</layout>
	</appender>

	<appender name="FILE-AUDIT" class="ch.qos.logback.core.rolling.RollingFileAppender">
		<file>./log/debug.txt</file>
		<encoder class="ch.qos.logback.classic.encoder.PatternLayoutEncoder">
			<Pattern>
				%d{yyyy-MM-dd HH:mm:ss} [%thread] %-5level %logger{36} - %msg%n
			</Pattern>
		</encoder>
		<rollingPolicy class="ch.qos.logback.core.rolling.TimeBasedRollingPolicy">
			<!-- rollover daily -->
			<fileNamePattern>./log/archive/debug.%d{yyyy-MM-dd}.%i.txt</fileNamePattern>
			<maxHistory>15</maxHistory>
			<timeBasedFileNamingAndTriggeringPolicy class="ch.qos.logback.core.rolling.SizeAndTimeBasedFNATP">
				<maxFileSize>20MB</maxFileSize>
			</timeBasedFileNamingAndTriggeringPolicy>
		</rollingPolicy>
	</appender>

	<appender name="FILE-ERROR" class="ch.qos.logback.core.rolling.RollingFileAppender">
		<file>./log/error.txt</file>
		<filter class="ch.qos.logback.classic.filter.LevelFilter"><!-- 只打印错误日志 -->
			<level>ERROR</level>
			<onMatch>ACCEPT</onMatch>
			<onMismatch>DENY</onMismatch>
		</filter>
		<encoder class="ch.qos.logback.classic.encoder.PatternLayoutEncoder">
			<Pattern>
				%d{yyyy-MM-dd HH:mm:ss} [%thread] %-5level %logger{36} - %msg%n
			</Pattern>
		</encoder>
		<rollingPolicy class="ch.qos.logback.core.rolling.TimeBasedRollingPolicy">
			<!-- rollover daily -->
			<fileNamePattern>./log/archive/error.%d{yyyy-MM-dd}.txt</fileNamePattern>
			<maxHistory>30</maxHistory>
		</rollingPolicy>
	</appender>

	<root level="INFO">
		<appender-ref ref="STDOUT" />
		<!--<appender-ref ref="FILE-AUDIT" />-->
		<!--<appender-ref ref="FILE-ERROR" />-->
	</root>

</configuration>